{"stats":{"minecraft:mined":{"minecraft:dead_bush":1},"minecraft:custom":{"minecraft:time_since_rest":1074,"minecraft:play_time":9564,"minecraft:crouch_one_cm":272,"minecraft:sprint_one_cm":32171,"minecraft:deaths":1,"minecraft:damage_taken":360,"minecraft:walk_one_cm":29211,"minecraft:sneak_time":103,"minecraft:walk_under_water_one_cm":1345,"minecraft:mob_kills":3,"minecraft:jump":212,"minecraft:damage_dealt":271,"minecraft:leave_game":1,"minecraft:time_since_death":0,"minecraft:walk_on_water_one_cm":2354,"minecraft:total_world_time":9564,"minecraft:hex":0,"minecraft:swim_one_cm":2469,"minecraft:fall_one_cm":5596,"minecraft:fly_one_cm":39474},"minecraft:killed_by":{"minecraft:spider":1},"minecraft:used":{"minecraft:stone_sword":9,"minecraft:bread":3},"minecraft:picked_up":{"minecraft:stick":1,"minecraft:rabbit":2,"minecraft:spider_eye":1,"minecraft:string":1},"minecraft:killed":{"minecraft:rabbit":2,"minecraft:spider":1}},"DataVersion":3465}