{"stats":{"minecraft:used":{"minecraft:stone_sword":27,"minecraft:bread":4,"minecraft:shield":15},"minecraft:mined":{"minecraft:dead_bush":1},"minecraft:custom":{"minecraft:time_since_rest":4038,"minecraft:crouch_one_cm":206,"minecraft:sprint_one_cm":26650,"minecraft:play_time":12821,"minecraft:deaths":3,"minecraft:damage_taken":1118,"minecraft:walk_one_cm":46273,"minecraft:sneak_time":98,"minecraft:damage_blocked_by_shield":788,"minecraft:mob_kills":1,"minecraft:jump":187,"minecraft:damage_dealt":883,"minecraft:leave_game":1,"minecraft:time_since_death":4005,"minecraft:total_world_time":12821,"minecraft:hex":0,"minecraft:fall_one_cm":3237,"minecraft:fly_one_cm":28409,"minecraft:player_kills":2},"minecraft:killed_by":{"minecraft:player":3},"minecraft:killed":{"minecraft:spider":1,"minecraft:player":2}},"DataVersion":3465}