{"stats":{"minecraft:picked_up":{"minecraft:sand":1,"minecraft:string":2,"adventurez:rhino_leather":1,"minecraft:arrow":5,"minecraft:bone":4,"minecraft:rotten_flesh":1},"minecraft:used":{"mcdw:axe_highland":2,"minecraft:stone_sword":27,"simplyswords:diamond_katana":4,"simplyswords:netherite_katana":1,"minecraft:bread":4,"mcdw:sword_katana":2,"mcda:snow_armor_boots":2,"minecraft:shield":15,"mcda:snow_armor_helmet":1,"mcda:snow_armor_chestplate":2,"simplyswords:whisperwind":5,"mcda:snow_armor_leggings":1,"brewery:brewfest_dress":1,"brewery:brewfest_hat_red":1,"mcdw:sword_the_starless_night":4,"prominent:supernova":91,"simplyswords:runic_katana":3,"aquamirae:captain_cornelia_spawn_egg":1,"mcdw:dagger_the_beginning":13},"minecraft:mined":{"minecraft:dead_bush":1},"minecraft:custom":{"minecraft:time_since_rest":160,"minecraft:sprint_one_cm":36379,"minecraft:damage_taken":1429,"minecraft:walk_one_cm":92035,"minecraft:damage_blocked_by_shield":788,"minecraft:mob_kills":14,"minecraft:drop":1,"minecraft:damage_dealt":5136,"minecraft:player_kills":2,"minecraft:fly_one_cm":54066,"minecraft:play_time":24821,"minecraft:crouch_one_cm":660,"minecraft:deaths":4,"minecraft:sneak_time":210,"minecraft:jump":302,"minecraft:damage_dealt_resisted":0,"minecraft:leave_game":1,"minecraft:time_since_death":105,"minecraft:walk_on_water_one_cm":2010,"minecraft:threat":6,"minecraft:total_world_time":24821,"minecraft:hex":42,"minecraft:fall_one_cm":4012},"minecraft:dropped":{"minecraft:birch_stairs":4},"minecraft:killed_by":{"minecraft:player":3,"aquamirae:captain_cornelia":1},"minecraft:killed":{"minecraft:skeleton":4,"minecraft:husk":2,"minecraft:zombie":1,"minecraft:spider":3,"minecraft:rabbit":1,"adventurez:desert_rhino":1,"minecraft:player":2,"bewitchment:ghost":1,"minecraft:enderman":1}},"DataVersion":3465}