{"stats":{"minecraft:picked_up":{"minecraft:stick":1,"minecraft:bone":1,"minecraft:arrow":1},"minecraft:used":{"minecraft:stone_sword":45,"minecraft:bread":4,"minecraft:shield":1},"minecraft:custom":{"minecraft:time_since_rest":4554,"minecraft:crouch_one_cm":628,"minecraft:play_time":10806,"minecraft:sprint_one_cm":18982,"minecraft:walk_one_cm":36892,"minecraft:damage_taken":861,"minecraft:deaths":2,"minecraft:damage_blocked_by_shield":75,"minecraft:sneak_time":152,"minecraft:walk_under_water_one_cm":430,"minecraft:mob_kills":2,"minecraft:jump":173,"minecraft:damage_dealt":1398,"minecraft:leave_game":1,"minecraft:time_since_death":4513,"minecraft:walk_on_water_one_cm":1268,"minecraft:total_world_time":10806,"minecraft:hex":0,"minecraft:swim_one_cm":331,"minecraft:fall_one_cm":3094,"minecraft:fly_one_cm":25453,"minecraft:player_kills":3},"minecraft:killed_by":{"minecraft:player":2},"minecraft:killed":{"minecraft:skeleton":1,"minecraft:husk":1,"minecraft:player":3}},"DataVersion":3465}